{"v":"5.6.10","fr":25,"ip":0,"op":175,"w":144,"h":32,"nm":"cp标签","ddd":0,"assets":[{"id":"image_0","w":144,"h":32,"u":"images/","p":"img_0.png","e":0},{"id":"comp_0","layers":[{"ddd":0,"ind":1,"ty":5,"nm":"Abcdefghijklmnopqrstuvwxyz❤️ 2","sr":1,"ks":{"o":{"a":0,"k":100,"ix":11},"r":{"a":0,"k":0,"ix":10},"p":{"a":1,"k":[{"i":{"x":0.833,"y":0.833},"o":{"x":0.167,"y":0.167},"t":0,"s":[0,14,0],"to":[24.667,0,0],"ti":[3.833,0,0]},{"i":{"x":0.833,"y":0.833},"o":{"x":0.167,"y":0.167},"t":81,"s":[148,14,0],"to":[-3.833,0,0],"ti":[53.667,0.417,0]},{"i":{"x":0.833,"y":0.833},"o":{"x":0.167,"y":0.167},"t":131,"s":[-23,14,0],"to":[-16.075,-0.125,0],"ti":[17.628,0,0]},{"t":174,"s":[-174,14,0]}],"ix":2},"a":{"a":1,"k":[{"i":{"x":0.833,"y":0.833},"o":{"x":0.167,"y":0.167},"t":81,"s":[0,-3.5,0],"to":[0,0,0],"ti":[0,0,0]},{"i":{"x":0.833,"y":0.833},"o":{"x":0.167,"y":0.167},"t":96,"s":[0,-3.5,0],"to":[0,0,0],"ti":[0,0,0]},{"t":146,"s":[0,-3.5,0]}],"ix":1},"s":{"a":0,"k":[100,100,100],"ix":6}},"ao":0,"t":{"d":{"k":[{"s":{"s":18,"f":"Helvetica","t":"Abcdefghijklmnopqrstuvwxyz❤️","j":0,"tr":0,"lh":21.6,"ls":0,"fc":[0.106,0.698,0.259]},"t":0}]},"p":{},"m":{"g":1,"a":{"a":0,"k":[0,0],"ix":2}},"a":[]},"ip":81,"op":197,"st":81,"bm":0},{"ddd":0,"ind":2,"ty":5,"nm":"Abcdefghijklmnopqrstuvwxyz❤️","sr":1,"ks":{"o":{"a":0,"k":100,"ix":11},"r":{"a":0,"k":0,"ix":10},"p":{"a":1,"k":[{"i":{"x":0.833,"y":0.833},"o":{"x":0.167,"y":0.167},"t":0,"s":[0,12,0],"to":[0,0,0],"ti":[0,0,0]},{"i":{"x":0.833,"y":0.833},"o":{"x":0.167,"y":0.167},"t":15,"s":[0,12,0],"to":[-28.5,0,0],"ti":[28.5,0,0]},{"i":{"x":0.833,"y":0.833},"o":{"x":0.167,"y":0.167},"t":66,"s":[-171,12,0],"to":[0,0,0],"ti":[0,0,0]},{"i":{"x":0.833,"y":0.833},"o":{"x":0.167,"y":0.167},"t":81,"s":[-171,12,0],"to":[-15.5,-0.042,0],"ti":[15.5,0.042,0]},{"t":115,"s":[-264,11.75,0]}],"ix":2},"a":{"a":0,"k":[0.25,-6,0],"ix":1},"s":{"a":0,"k":[100,100,100],"ix":6}},"ao":0,"t":{"d":{"k":[{"s":{"s":18,"f":"Helvetica","t":"Abcdefghijklmnopqrstuvwxyz❤️","j":0,"tr":0,"lh":21.6,"ls":0,"fc":[0.106,0.698,0.259]},"t":0}]},"p":{},"m":{"g":1,"a":{"a":0,"k":[0,0],"ix":2}},"a":[]},"ip":0,"op":116,"st":0,"bm":0}]}],"fonts":{"list":[{"origin":3,"fPath":"","fClass":"","fFamily":"Helvetica","fWeight":"","fStyle":"Regular","fName":"Helvetica","ascent":71.8994140625}]},"layers":[{"ddd":0,"ind":3,"ty":0,"nm":"44x12 dp","refId":"comp_0","sr":1,"ks":{"o":{"a":0,"k":100,"ix":11},"r":{"a":0,"k":0,"ix":10},"p":{"a":0,"k":[90.75,16,0],"ix":2},"a":{"a":0,"k":[44,12,0],"ix":1},"s":{"a":0,"k":[100,100,100],"ix":6}},"ao":0,"w":88,"h":24,"ip":0,"op":175,"st":0,"bm":0},{"ddd":0,"ind":4,"ty":2,"nm":"CP-.png","cl":"png","refId":"image_0","sr":1,"ks":{"o":{"a":0,"k":100,"ix":11},"r":{"a":0,"k":0,"ix":10},"p":{"a":0,"k":[72,16,0],"ix":2},"a":{"a":0,"k":[72,16,0],"ix":1},"s":{"a":0,"k":[100,100,100],"ix":6}},"ao":0,"ip":0,"op":175,"st":0,"bm":0}],"markers":[]}