{"v":"5.6.10","fr":25,"ip":0,"op":175,"w":144,"h":32,"nm":"cp标签","ddd":0,"assets":[{"id":"image_0","w":144,"h":32,"u":"images/","p":"img_0.png","e":0},{"id":"comp_0","layers":[{"ddd":0,"ind":1,"ty":5,"nm":"NAME 2","sr":1,"ks":{"o":{"a":0,"k":100,"ix":11},"r":{"a":0,"k":0,"ix":10},"p":{"a":1,"k":[{"i":{"x":0.833,"y":0.833},"o":{"x":0.167,"y":0.167},"t":0,"s":[0,14,0],"to":[24.667,0,0],"ti":[3.833,0,0]},{"i":{"x":0.833,"y":0.833},"o":{"x":0.167,"y":0.167},"t":81,"s":[148,14,0],"to":[-3.833,0,0],"ti":[53.667,0.417,0]},{"i":{"x":0.833,"y":0.833},"o":{"x":0.167,"y":0.167},"t":131,"s":[-23,14,0],"to":[-16.075,-0.125,0],"ti":[17.628,0,0]},{"t":174,"s":[-174,14,0]}],"ix":2},"a":{"a":1,"k":[{"i":{"x":0.833,"y":0.833},"o":{"x":0.167,"y":0.167},"t":81,"s":[0,-3.5,0],"to":[0,0,0],"ti":[0,0,0]},{"i":{"x":0.833,"y":0.833},"o":{"x":0.167,"y":0.167},"t":96,"s":[0,-3.5,0],"to":[0,0,0],"ti":[0,0,0]},{"t":146,"s":[0,-3.5,0]}],"ix":1},"s":{"a":0,"k":[100,100,100],"ix":6}},"ao":0,"t":{"d":{"k":[{"s":{"s":18,"f":"Helvetica","t":"NAME","j":0,"tr":0,"lh":21.6,"ls":0,"fc":[0.106,0.698,0.259]},"t":0}]},"p":{},"m":{"g":1,"a":{"a":0,"k":[0,0],"ix":2}},"a":[]},"ip":81,"op":197,"st":81,"bm":0},{"ddd":0,"ind":2,"ty":5,"nm":"NAME","sr":1,"ks":{"o":{"a":0,"k":100,"ix":11},"r":{"a":0,"k":0,"ix":10},"p":{"a":1,"k":[{"i":{"x":0.833,"y":0.833},"o":{"x":0.167,"y":0.167},"t":0,"s":[0,12,0],"to":[0,0,0],"ti":[0,0,0]},{"i":{"x":0.833,"y":0.833},"o":{"x":0.167,"y":0.167},"t":15,"s":[0,12,0],"to":[-28.5,0,0],"ti":[28.5,0,0]},{"i":{"x":0.833,"y":0.833},"o":{"x":0.167,"y":0.167},"t":66,"s":[-171,12,0],"to":[0,0,0],"ti":[0,0,0]},{"i":{"x":0.833,"y":0.833},"o":{"x":0.167,"y":0.167},"t":81,"s":[-171,12,0],"to":[-15.5,-0.042,0],"ti":[15.5,0.042,0]},{"t":115,"s":[-264,11.75,0]}],"ix":2},"a":{"a":0,"k":[0.25,-6,0],"ix":1},"s":{"a":0,"k":[100,100,100],"ix":6}},"ao":0,"t":{"d":{"k":[{"s":{"s":18,"f":"Helvetica","t":"NAME","j":0,"tr":0,"lh":21.6,"ls":0,"fc":[0.106,0.698,0.259]},"t":0}]},"p":{},"m":{"g":1,"a":{"a":0,"k":[0,0],"ix":2}},"a":[]},"ip":0,"op":116,"st":0,"bm":0}]}],"fonts":{"list":[{"fName":"Helvetica","fFamily":"Helvetica","fStyle":"Regular","ascent":71.8994140625}]},"layers":[{"ddd":0,"ind":3,"ty":0,"nm":"44x12 dp","refId":"comp_0","sr":1,"ks":{"o":{"a":0,"k":100,"ix":11},"r":{"a":0,"k":0,"ix":10},"p":{"a":0,"k":[90.75,16,0],"ix":2},"a":{"a":0,"k":[44,12,0],"ix":1},"s":{"a":0,"k":[100,100,100],"ix":6}},"ao":0,"w":88,"h":24,"ip":0,"op":175,"st":0,"bm":0},{"ddd":0,"ind":4,"ty":2,"nm":"CP-.png","cl":"png","refId":"image_0","sr":1,"ks":{"o":{"a":0,"k":100,"ix":11},"r":{"a":0,"k":0,"ix":10},"p":{"a":0,"k":[72,16,0],"ix":2},"a":{"a":0,"k":[72,16,0],"ix":1},"s":{"a":0,"k":[100,100,100],"ix":6}},"ao":0,"ip":0,"op":175,"st":0,"bm":0}],"markers":[],"chars":[{"ch":"A","size":18,"style":"Regular","w":66.7,"data":{"shapes":[{"ty":"gr","it":[{"ind":0,"ty":"sh","ix":1,"ks":{"a":0,"k":{"i":[[0,0],[0,0],[0,0]],"o":[[0,0],[0,0],[0,0]],"v":[[21.973,-29.395],[33.545,-61.084],[44.434,-29.395]],"c":true},"ix":2},"nm":"A","mn":"ADBE Vector Shape - Group","hd":false},{"ind":1,"ty":"sh","ix":2,"ks":{"a":0,"k":{"i":[[0,0],[0,0],[0,0],[0,0],[0,0],[0,0],[0,0],[0,0]],"o":[[0,0],[0,0],[0,0],[0,0],[0,0],[0,0],[0,0],[0,0]],"v":[[1.465,0],[11.426,0],[19.189,-21.484],[47.559,-21.484],[54.834,0],[65.479,0],[39.453,-71.729],[28.467,-71.729]],"c":true},"ix":2},"nm":"A","mn":"ADBE Vector Shape - Group","hd":false}],"nm":"A","np":5,"cix":2,"bm":0,"ix":1,"mn":"ADBE Vector Group","hd":false}]},"fFamily":"Helvetica"},{"ch":"b","size":18,"style":"Regular","w":55.62,"data":{"shapes":[{"ty":"gr","it":[{"ind":0,"ty":"sh","ix":1,"ks":{"a":0,"k":{"i":[[0,0],[0,0],[0,0],[-1.634,-1.139],[-3.987,0],[-4.019,5.469],[0,8.269],[4.068,4.476],[6.535,0],[2.679,-1.318],[1.928,-2.506],[0,0],[0,0]],"o":[[0,0],[0,0],[1.862,2.507],[2.745,1.92],[7.124,0],[4.019,-5.469],[0,-8.723],[-4.069,-4.475],[-3.137,0],[-2.679,1.318],[0,0],[0,0],[0,0]],"v":[[5.713,0],[13.818,0],[13.818,-6.689],[19.063,-1.221],[29.16,1.66],[45.875,-6.543],[51.904,-27.148],[45.802,-46.948],[29.895,-53.662],[21.169,-51.685],[14.258,-45.947],[14.258,-71.973],[5.713,-71.973]],"c":true},"ix":2},"nm":"b","mn":"ADBE Vector Shape - Group","hd":false},{"ind":1,"ty":"sh","ix":2,"ks":{"a":0,"k":{"i":[[4.768,0],[2.319,5.762],[0,4.916],[-3.021,2.962],[-4.018,0],[-2.368,-3.613],[0,-5.501],[2.368,-3.776]],"o":[[-6.337,0],[-1.241,-3.059],[0,-6.803],[3.021,-2.962],[4.605,0],[2.368,3.613],[0,6.185],[-2.368,3.777]],"v":[[28.614,-6.104],[15.631,-14.746],[13.77,-26.709],[18.301,-41.357],[28.859,-45.801],[39.319,-40.381],[42.871,-26.709],[39.319,-11.768]],"c":true},"ix":2},"nm":"b","mn":"ADBE Vector Shape - Group","hd":false}],"nm":"b","np":5,"cix":2,"bm":0,"ix":1,"mn":"ADBE Vector Group","hd":false}]},"fFamily":"Helvetica"},{"ch":"c","size":18,"style":"Regular","w":50,"data":{"shapes":[{"ty":"gr","it":[{"ind":0,"ty":"sh","ix":1,"ks":{"a":0,"k":{"i":[[5.891,0],[4.459,-5.11],[0,-9.18],[-4.07,-4.996],[-6.836,0],[-3.906,3.207],[-0.977,6.934],[0,0],[2.132,-2.221],[3.645,0],[2.213,3.577],[0,5.235],[-1.562,3.544],[-5.599,0],[-1.855,-2.132],[-0.521,-3.223],[0,0],[3.694,2.865]],"o":[[-6.902,0],[-4.46,5.111],[0,7.487],[4.069,4.997],[6.087,0],[3.906,-3.206],[0,0],[-0.814,3.859],[-2.132,2.222],[-4.753,0],[-2.214,-3.577],[0,-5.202],[2.409,-5.462],[4.102,0],[1.855,2.132],[0,0],[-0.749,-6.998],[-3.695,-2.864]],"v":[[26.611,-53.809],[9.57,-46.143],[2.881,-24.707],[8.984,-5.981],[25.342,1.514],[40.332,-3.296],[47.656,-18.506],[39.111,-18.506],[34.692,-9.386],[26.025,-6.055],[15.576,-11.419],[12.256,-24.635],[14.6,-37.754],[26.611,-45.947],[35.547,-42.749],[39.111,-34.717],[47.656,-34.717],[40.991,-49.512]],"c":true},"ix":2},"nm":"c","mn":"ADBE Vector Shape - Group","hd":false}],"nm":"c","np":3,"cix":2,"bm":0,"ix":1,"mn":"ADBE Vector Group","hd":false}]},"fFamily":"Helvetica"},{"ch":"d","size":18,"style":"Regular","w":55.62,"data":{"shapes":[{"ty":"gr","it":[{"ind":0,"ty":"sh","ix":1,"ks":{"a":0,"k":{"i":[[0,5.599],[-2.737,3.386],[-4.405,0],[-2.689,-3.174],[0,-6.608],[2.607,-3.499],[4.048,0],[2.364,3.777]],"o":[[0,-6.575],[2.737,-3.385],[3.951,0],[2.688,3.174],[0,6.543],[-2.608,3.5],[-5.215,0],[-2.364,-3.776]],"v":[[12.012,-25.537],[16.116,-40.479],[26.829,-45.557],[36.788,-40.796],[40.82,-26.123],[36.909,-11.06],[26.926,-5.811],[15.558,-11.475]],"c":true},"ix":2},"nm":"d","mn":"ADBE Vector Shape - Group","hd":false},{"ind":1,"ty":"sh","ix":2,"ks":{"a":0,"k":{"i":[[3.989,0],[3.875,-5.582],[0,-7.617],[-4.248,-4.899],[-5.804,0],[-2.789,1.432],[-2.043,3.223],[0,0],[0,0],[0,0],[0,0],[0,0],[1.556,0.977]],"o":[[-7.199,0],[-3.875,5.583],[0,8.138],[4.248,4.9],[3.6,0],[2.789,-1.432],[0,0],[0,0],[0,0],[0,0],[0,0],[-1.978,-2.441],[-2.692,-1.692]],"v":[[25.157,-53.223],[8.546,-44.849],[2.734,-25.049],[9.106,-5.493],[24.185,1.855],[33.768,-0.293],[41.016,-7.275],[41.016,0],[48.926,0],[48.926,-71.973],[40.479,-71.973],[40.479,-45.557],[35.177,-50.684]],"c":true},"ix":2},"nm":"d","mn":"ADBE Vector Shape - Group","hd":false}],"nm":"d","np":5,"cix":2,"bm":0,"ix":1,"mn":"ADBE Vector Group","hd":false}]},"fFamily":"Helvetica"},{"ch":"e","size":18,"style":"Regular","w":55.62,"data":{"shapes":[{"ty":"gr","it":[{"ind":0,"ty":"sh","ix":1,"ks":{"a":0,"k":{"i":[[3.688,0],[4.529,-5.241],[0,-8.398],[-4.497,-4.736],[-6.47,0],[-2.1,0.52],[-2.65,2.605],[-1.286,2.361],[-0.228,1.921],[0,0],[1.518,-1.765],[4.554,0],[2.325,3.215],[0.162,5.321],[0,0],[0.517,2.409],[1.747,2.637],[3.461,1.742]],"o":[[-7.312,0],[-4.53,5.241],[0,8.529],[4.497,4.736],[2.649,0],[3.909,-0.912],[1.582,-1.497],[1.286,-2.36],[0,0],[-0.633,2.322],[-2.713,3.041],[-4.877,0],[-2.325,-3.215],[0,0],[0,-5.273],[-0.583,-3.516],[-1.812,-2.766],[-3.462,-1.741]],"v":[[28.022,-53.467],[10.261,-45.605],[3.467,-25.146],[10.211,-5.249],[26.661,1.855],[33.784,1.074],[43.622,-4.199],[47.925,-9.985],[50.195,-16.406],[41.553,-16.406],[38.326,-10.275],[27.425,-5.713],[16.621,-10.535],[12.891,-23.34],[50.928,-23.34],[50.151,-34.863],[46.657,-44.092],[38.747,-50.854]],"c":true},"ix":2},"nm":"e","mn":"ADBE Vector Shape - Group","hd":false},{"ind":1,"ty":"sh","ix":2,"ks":{"a":0,"k":{"i":[[0,0],[-2.711,2.914],[-4.002,0],[-2.389,-4.231],[-0.356,-3.809]],"o":[[0.161,-4.492],[2.711,-2.913],[5.584,0],[1.291,2.279],[0,0]],"v":[[13.086,-30.322],[17.395,-41.431],[27.466,-45.801],[39.425,-39.453],[41.895,-30.322]],"c":true},"ix":2},"nm":"e","mn":"ADBE Vector Shape - Group","hd":false}],"nm":"e","np":5,"cix":2,"bm":0,"ix":1,"mn":"ADBE Vector Group","hd":false}]},"fFamily":"Helvetica"},{"ch":"f","size":18,"style":"Regular","w":26.03,"data":{"shapes":[{"ty":"gr","it":[{"ind":0,"ty":"sh","ix":1,"ks":{"a":0,"k":{"i":[[0.13,-3.645],[0,0],[0,0],[0,0],[0,0],[0,0],[0,0],[0,0],[0,0],[0,0],[0,0],[-0.526,1.384],[-2.699,0],[-0.412,-0.016],[-0.922,-0.065],[0,0],[0.586,0.033],[0.553,0],[2.051,-2.995]],"o":[[0,0],[0,0],[0,0],[0,0],[0,0],[0,0],[0,0],[0,0],[0,0],[0,0],[0,-5.664],[0.526,-1.383],[0.362,0],[0.411,0.017],[0,0],[-0.749,-0.065],[-0.586,-0.032],[-5.859,0],[-1.14,1.693]],"v":[[8.643,-60.254],[8.643,-52.051],[1.367,-52.051],[1.367,-45.117],[8.643,-45.117],[8.643,0],[17.334,0],[17.334,-45.117],[26.123,-45.117],[26.123,-52.051],[17.334,-52.051],[18.124,-62.622],[22.963,-64.697],[24.123,-64.673],[26.123,-64.551],[26.123,-72.559],[24.121,-72.705],[22.412,-72.754],[10.547,-68.262]],"c":true},"ix":2},"nm":"f","mn":"ADBE Vector Shape - Group","hd":false}],"nm":"f","np":3,"cix":2,"bm":0,"ix":1,"mn":"ADBE Vector Group","hd":false}]},"fFamily":"Helvetica"},{"ch":"g","size":18,"style":"Regular","w":55.62,"data":{"shapes":[{"ty":"gr","it":[{"ind":0,"ty":"sh","ix":1,"ks":{"a":0,"k":{"i":[[4.086,0],[4.264,-4.915],[0,-8.756],[-4.231,-4.02],[-5.642,0],[-2.464,1.302],[-1.751,2.67],[1.231,-2.8],[6.702,0],[1.974,1.953],[0.42,2.344],[0,0],[-3.828,-2.523],[-5.613,0],[-3.634,7.096],[0,6.641],[0,0],[0,0],[0,0],[1.653,1.14]],"o":[[-6.031,0],[-4.264,4.916],[0,9.277],[4.231,4.021],[4.053,0],[2.464,-1.302],[0.098,7.195],[-2.072,4.752],[-4.241,0],[-1.263,-1.27],[0,0],[0.455,5.371],[3.828,2.522],[10.089,0],[1.946,-3.841],[0,0],[0,0],[0,0],[-1.719,-2.18],[-3.049,-2.018]],"v":[[24.817,-53.223],[9.374,-45.85],[2.979,-25.342],[9.325,-5.396],[24.136,0.635],[33.912,-1.318],[40.234,-7.275],[38.535,7.715],[25.375,14.844],[16.051,11.914],[13.525,6.494],[4.59,6.494],[11.015,18.335],[25.177,22.119],[45.762,11.475],[48.682,-4.248],[48.682,-51.807],[40.576,-51.807],[40.576,-45.215],[35.518,-50.195]],"c":true},"ix":2},"nm":"g","mn":"ADBE Vector Shape - Group","hd":false},{"ind":1,"ty":"sh","ix":2,"ks":{"a":0,"k":{"i":[[0,-6.477],[1.425,-3.223],[6.282,0],[2.38,3.076],[0,5.892],[-1.199,3.093],[-6.154,0],[-2.656,-3.125]],"o":[[0,4.297],[-2.559,5.697],[-4.016,0],[-2.38,-3.076],[0,-5.013],[2.267,-5.794],[4.113,0],[2.655,3.125]],"v":[[40.576,-26.367],[38.438,-15.088],[25.177,-6.543],[15.582,-11.157],[12.012,-24.609],[13.809,-36.768],[26.44,-45.459],[36.593,-40.771]],"c":true},"ix":2},"nm":"g","mn":"ADBE Vector Shape - Group","hd":false}],"nm":"g","np":5,"cix":2,"bm":0,"ix":1,"mn":"ADBE Vector Group","hd":false}]},"fFamily":"Helvetica"},{"ch":"h","size":18,"style":"Regular","w":55.62,"data":{"shapes":[{"ty":"gr","it":[{"ind":0,"ty":"sh","ix":1,"ks":{"a":0,"k":{"i":[[0,0],[0,0],[0,0],[-2.962,2.507],[-3.646,0],[-1.595,-2.864],[0,-3.841],[0,0],[0,0],[0,0],[1.465,2.898],[7.584,0],[2.832,-1.855],[2.083,-2.637],[0,0],[0,0]],"o":[[0,0],[0,0],[0,-6.966],[2.962,-2.506],[4.395,0],[0.977,1.791],[0,0],[0,0],[0,0],[0,-5.143],[-2.702,-5.305],[-4.232,0],[-1.66,1.074],[0,0],[0,0],[0,0]],"v":[[6.445,0],[15.234,0],[15.234,-27.734],[19.678,-41.943],[29.59,-45.703],[38.574,-41.406],[40.039,-32.959],[40.039,0],[49.072,0],[49.072,-33.545],[46.875,-45.605],[31.445,-53.564],[20.85,-50.781],[15.234,-45.215],[15.234,-71.973],[6.445,-71.973]],"c":true},"ix":2},"nm":"h","mn":"ADBE Vector Shape - Group","hd":false}],"nm":"h","np":3,"cix":2,"bm":0,"ix":1,"mn":"ADBE Vector Group","hd":false}]},"fFamily":"Helvetica"},{"ch":"i","size":18,"style":"Regular","w":22.22,"data":{"shapes":[{"ty":"gr","it":[{"ind":0,"ty":"sh","ix":1,"ks":{"a":0,"k":{"i":[[0,0],[0,0],[0,0],[0,0]],"o":[[0,0],[0,0],[0,0],[0,0]],"v":[[6.445,0],[15.381,0],[15.381,-52.051],[6.445,-52.051]],"c":true},"ix":2},"nm":"i","mn":"ADBE Vector Shape - Group","hd":false},{"ind":1,"ty":"sh","ix":2,"ks":{"a":0,"k":{"i":[[0,0],[0,0],[0,0],[0,0]],"o":[[0,0],[0,0],[0,0],[0,0]],"v":[[6.445,-61.768],[15.381,-61.768],[15.381,-71.729],[6.445,-71.729]],"c":true},"ix":2},"nm":"i","mn":"ADBE Vector Shape - Group","hd":false}],"nm":"i","np":5,"cix":2,"bm":0,"ix":1,"mn":"ADBE Vector Group","hd":false}]},"fFamily":"Helvetica"},{"ch":"j","size":18,"style":"Regular","w":22.22,"data":{"shapes":[{"ty":"gr","it":[{"ind":0,"ty":"sh","ix":1,"ks":{"a":0,"k":{"i":[[0,0],[0,0],[0,0],[0,0]],"o":[[0,0],[0,0],[0,0],[0,0]],"v":[[15.234,-71.729],[6.445,-71.729],[6.445,-61.572],[15.234,-61.572]],"c":true},"ix":2},"nm":"j","mn":"ADBE Vector Shape - Group","hd":false},{"ind":1,"ty":"sh","ix":2,"ks":{"a":0,"k":{"i":[[0,0],[-0.471,-0.033],[-0.423,0],[-2.051,3.19],[0,3.809],[0,0],[0,0],[0,0],[0.797,-0.57],[3.938,-0.13]],"o":[[1.009,0.098],[0.471,0.032],[5.729,0],[1.237,-1.888],[0,0],[0,0],[0,0],[0,2.995],[-0.798,0.569],[0,0]],"v":[[-1.855,20.85],[0.366,21.045],[1.709,21.094],[13.379,16.309],[15.234,7.764],[15.234,-52.051],[6.445,-52.051],[6.445,6.836],[5.249,12.183],[-1.855,13.232]],"c":true},"ix":2},"nm":"j","mn":"ADBE Vector Shape - Group","hd":false}],"nm":"j","np":5,"cix":2,"bm":0,"ix":1,"mn":"ADBE Vector Group","hd":false}]},"fFamily":"Helvetica"},{"ch":"k","size":18,"style":"Regular","w":50,"data":{"shapes":[{"ty":"gr","it":[{"ind":0,"ty":"sh","ix":1,"ks":{"a":0,"k":{"i":[[0,0],[0,0],[0,0],[0,0],[0,0],[0,0],[0,0],[0,0],[0,0],[0,0],[0,0],[0,0]],"o":[[0,0],[0,0],[0,0],[0,0],[0,0],[0,0],[0,0],[0,0],[0,0],[0,0],[0,0],[0,0]],"v":[[6.25,0],[14.697,0],[14.697,-19.629],[21.914,-26.611],[38.362,0],[49.59,0],[28.364,-32.851],[48.463,-52.295],[37.235,-52.295],[14.697,-30.083],[14.697,-71.729],[6.25,-71.729]],"c":true},"ix":2},"nm":"k","mn":"ADBE Vector Shape - Group","hd":false}],"nm":"k","np":3,"cix":2,"bm":0,"ix":1,"mn":"ADBE Vector Group","hd":false}]},"fFamily":"Helvetica"},{"ch":"l","size":18,"style":"Regular","w":22.22,"data":{"shapes":[{"ty":"gr","it":[{"ind":0,"ty":"sh","ix":1,"ks":{"a":0,"k":{"i":[[0,0],[0,0],[0,0],[0,0]],"o":[[0,0],[0,0],[0,0],[0,0]],"v":[[6.689,0],[15.479,0],[15.479,-71.729],[6.689,-71.729]],"c":true},"ix":2},"nm":"l","mn":"ADBE Vector Shape - Group","hd":false}],"nm":"l","np":3,"cix":2,"bm":0,"ix":1,"mn":"ADBE Vector Group","hd":false}]},"fFamily":"Helvetica"},{"ch":"m","size":18,"style":"Regular","w":83.3,"data":{"shapes":[{"ty":"gr","it":[{"ind":0,"ty":"sh","ix":1,"ks":{"a":0,"k":{"i":[[0,0],[0,0],[0,0],[-2.718,2.572],[-3.32,0],[-1.335,-2.441],[0,-3.548],[0,0],[0,0],[0,0],[-2.49,2.312],[-3.451,0],[-1.742,-1.302],[0,-3.483],[0,0],[0,0],[0,0],[1.367,2.734],[7.031,0],[2.637,-1.35],[1.953,-2.799],[1.432,1.172],[4.166,0],[2.897,-1.985],[2.083,-2.571],[0,0],[0,0]],"o":[[0,0],[0,0],[0,-6.738],[2.718,-2.571],[3.645,0],[0.846,1.628],[0,0],[0,0],[0,0],[0,-5.403],[2.49,-2.311],[2.506,0],[1.741,1.302],[0,0],[0,0],[0,0],[0,-4.622],[-2.539,-5.078],[-3.288,0],[-2.637,1.351],[-1.172,-2.278],[-2.539,-2.051],[-3.679,0],[-1.693,1.172],[0,0],[0,0],[0,0]],"v":[[6.445,0],[15.234,0],[15.234,-27.734],[19.312,-41.699],[28.369,-45.557],[35.84,-41.895],[37.109,-34.131],[37.109,0],[46.045,0],[46.045,-30.42],[49.78,-41.992],[58.691,-45.459],[65.063,-43.506],[67.676,-36.328],[67.676,0],[76.807,0],[76.807,-34.814],[74.756,-45.85],[60.4,-53.467],[51.514,-51.44],[44.629,-45.215],[40.723,-50.391],[30.664,-53.467],[20.801,-50.488],[15.137,-44.873],[15.137,-52.295],[6.445,-52.295]],"c":true},"ix":2},"nm":"m","mn":"ADBE Vector Shape - Group","hd":false}],"nm":"m","np":3,"cix":2,"bm":0,"ix":1,"mn":"ADBE Vector Group","hd":false}]},"fFamily":"Helvetica"},{"ch":"n","size":18,"style":"Regular","w":55.62,"data":{"shapes":[{"ty":"gr","it":[{"ind":0,"ty":"sh","ix":1,"ks":{"a":0,"k":{"i":[[0,0],[0,0],[0,0],[-0.439,1.839],[-1.465,1.726],[-2.409,0.716],[-2.084,0],[-1.562,-3.255],[0,-3.19],[0,0],[0,0],[0,0],[1.432,2.832],[7.422,0],[2.766,-1.334],[2.473,-3.059],[0,0],[0,0]],"o":[[0,0],[0,0],[0,-3.418],[0.439,-1.839],[1.823,-2.148],[1.334,-0.423],[4.102,0],[0.944,1.953],[0,0],[0,0],[0,0],[0,-5.273],[-2.605,-5.176],[-3.386,0],[-2.767,1.335],[0,0],[0,0],[0,0]],"v":[[6.445,0],[15.234,0],[15.234,-27.393],[15.894,-35.278],[18.75,-40.625],[25.098,-44.922],[30.225,-45.557],[38.721,-40.674],[40.137,-32.959],[40.137,0],[49.072,0],[49.072,-33.545],[46.924,-45.703],[31.885,-53.467],[22.656,-51.465],[14.795,-44.873],[14.795,-52.295],[6.445,-52.295]],"c":true},"ix":2},"nm":"n","mn":"ADBE Vector Shape - Group","hd":false}],"nm":"n","np":3,"cix":2,"bm":0,"ix":1,"mn":"ADBE Vector Group","hd":false}]},"fFamily":"Helvetica"},{"ch":"o","size":18,"style":"Regular","w":55.62,"data":{"shapes":[{"ty":"gr","it":[{"ind":0,"ty":"sh","ix":1,"ks":{"a":0,"k":{"i":[[5.761,0],[2.414,3.706],[0,5.56],[-2.414,4.097],[-5.312,0],[-2.446,-4.812],[0,-4.877],[2.141,-4.405]],"o":[[-5.247,0],[-2.414,-3.706],[0,-5.787],[2.414,-4.097],[5.987,0],[1.545,3.056],[0,5.397],[-2.141,4.405]],"v":[[27.026,-5.713],[15.535,-11.272],[11.914,-25.172],[15.535,-39.997],[27.122,-46.143],[39.772,-38.924],[42.09,-27.025],[38.879,-12.321]],"c":true},"ix":2},"nm":"o","mn":"ADBE Vector Shape - Group","hd":false},{"ind":1,"ty":"sh","ix":2,"ks":{"a":0,"k":{"i":[[6.691,0],[4.428,-5.203],[0,-8.781],[-4.202,-4.862],[-7.144,0],[-4.073,5.496],[0,8.424],[4.622,4.488]],"o":[[-7.467,0],[-4.428,5.204],[0,8.196],[4.202,4.862],[8.566,0],[4.073,-5.496],[0,-8.716],[-4.623,-4.488]],"v":[[27.366,-53.809],[9.523,-46.003],[2.881,-25.025],[9.184,-5.437],[26.202,1.855],[45.16,-6.389],[51.27,-27.27],[44.336,-47.076]],"c":true},"ix":2},"nm":"o","mn":"ADBE Vector Shape - Group","hd":false}],"nm":"o","np":5,"cix":2,"bm":0,"ix":1,"mn":"ADBE Vector Group","hd":false}]},"fFamily":"Helvetica"},{"ch":"p","size":18,"style":"Regular","w":55.62,"data":{"shapes":[{"ty":"gr","it":[{"ind":0,"ty":"sh","ix":1,"ks":{"a":0,"k":{"i":[[4.115,0],[2.286,5.404],[0,4.037],[-1.208,3.255],[-6.108,0],[-2.287,-5.762],[0,-4.166],[2.727,-3.434]],"o":[[-6.076,0],[-1.208,-2.832],[0,-5.013],[2.254,-6.087],[6.075,0],[1.208,2.995],[0,6.836],[-2.728,3.435]],"v":[[28.516,-5.908],[15.973,-14.014],[14.16,-24.316],[15.973,-36.719],[28.516,-45.85],[41.058,-37.207],[42.871,-26.465],[38.78,-11.06]],"c":true},"ix":2},"nm":"p","mn":"ADBE Vector Shape - Group","hd":false},{"ind":1,"ty":"sh","ix":2,"ks":{"a":0,"k":{"i":[[0,0],[0,0],[0,0],[-1.569,-0.977],[-3.954,0],[-3.791,3.092],[0,11.394],[4.144,4.541],[5.94,0],[2.969,-1.953],[1.762,-2.376],[0,0],[0,0]],"o":[[0,0],[0,0],[1.928,2.377],[2.679,1.725],[5.032,0],[5.98,-4.883],[0,-8.43],[-4.145,-4.541],[-4.015,0],[-2.089,1.302],[0,0],[0,0],[0,0]],"v":[[5.713,20.85],[14.502,20.85],[14.502,-5.859],[19.747,-0.83],[29.698,1.758],[42.934,-2.881],[51.904,-27.295],[45.687,-46.753],[30.56,-53.564],[20.084,-50.635],[14.307,-45.117],[14.307,-52.051],[5.713,-52.051]],"c":true},"ix":2},"nm":"p","mn":"ADBE Vector Shape - Group","hd":false}],"nm":"p","np":5,"cix":2,"bm":0,"ix":1,"mn":"ADBE Vector Group","hd":false}]},"fFamily":"Helvetica"},{"ch":"q","size":18,"style":"Regular","w":55.62,"data":{"shapes":[{"ty":"gr","it":[{"ind":0,"ty":"sh","ix":1,"ks":{"a":0,"k":{"i":[[0,4.525],[-2.714,3.304],[-3.802,0],[-2.373,-5.176],[0,-4.524],[1.267,-3.157],[6.109,0],[2.242,5.437]],"o":[[0,-6.901],[2.713,-3.304],[5.979,0],[1.397,3.027],[0,4.916],[-2.307,5.73],[-5.785,0],[-1.268,-3.059]],"v":[[12.061,-25.439],[16.131,-40.747],[25.904,-45.703],[38.432,-37.939],[40.527,-26.611],[38.626,-14.502],[26.002,-5.908],[13.962,-14.062]],"c":true},"ix":2},"nm":"q","mn":"ADBE Vector Shape - Group","hd":false},{"ind":1,"ty":"sh","ix":2,"ks":{"a":0,"k":{"i":[[4.324,0],[4.112,-5.371],[0,-8.366],[-4.388,-4.362],[-5.56,0],[-2.585,1.383],[-1.463,2.344],[0,0],[0,0],[0,0],[0,0],[0,0],[1.625,1.172]],"o":[[-6.535,0],[-4.112,5.371],[0,8.92],[4.388,4.362],[3.868,0],[2.585,-1.383],[0,0],[0,0],[0,0],[0,0],[0,0],[-1.495,-2.278],[-2.959,-2.18]],"v":[[25.02,-53.467],[9.049,-45.41],[2.881,-24.805],[9.464,-4.883],[24.386,1.66],[34.065,-0.415],[40.137,-6.006],[40.137,20.85],[48.926,20.85],[48.926,-52.295],[40.625,-52.295],[40.625,-45.02],[35.944,-50.195]],"c":true},"ix":2},"nm":"q","mn":"ADBE Vector Shape - Group","hd":false}],"nm":"q","np":5,"cix":2,"bm":0,"ix":1,"mn":"ADBE Vector Group","hd":false}]},"fFamily":"Helvetica"},{"ch":"r","size":18,"style":"Regular","w":33.3,"data":{"shapes":[{"ty":"gr","it":[{"ind":0,"ty":"sh","ix":1,"ks":{"a":0,"k":{"i":[[0,0],[0,0],[0,0],[-2.377,2.849],[-4.427,0],[-0.439,-0.032],[-0.521,-0.098],[0,0],[0.391,0.033],[0.163,0],[2.669,-2.522],[0.684,-1.758],[0,0],[0,0]],"o":[[0,0],[0,0],[0,-3.711],[2.376,-2.848],[0.52,0],[0.439,0.033],[0,0],[-0.945,-0.098],[-0.391,-0.032],[-3.484,0],[-2.67,2.523],[0,0],[0,0],[0,0]],"v":[[6.689,0],[15.479,0],[15.479,-30.078],[19.043,-39.917],[29.248,-44.189],[30.688,-44.141],[32.129,-43.945],[32.129,-53.223],[30.127,-53.418],[29.297,-53.467],[20.068,-49.683],[15.039,-43.262],[15.039,-52.295],[6.689,-52.295]],"c":true},"ix":2},"nm":"r","mn":"ADBE Vector Shape - Group","hd":false}],"nm":"r","np":3,"cix":2,"bm":0,"ix":1,"mn":"ADBE Vector Group","hd":false}]},"fFamily":"Helvetica"},{"ch":"s","size":18,"style":"Regular","w":50,"data":{"shapes":[{"ty":"gr","it":[{"ind":0,"ty":"sh","ix":1,"ks":{"a":0,"k":{"i":[[0,0],[-3.279,-3.532],[-7.877,0],[-3.576,3.385],[0,4.655],[3.418,2.246],[6.434,1.53],[0,0],[1.326,0.811],[0,2.271],[-1.749,1.265],[-3.399,0],[-2.066,-2.298],[-0.167,-1.974],[0,0],[2.21,2.93],[7.983,0],[3.612,-3.059],[0,-4.948],[-3.838,-2.376],[-4.532,-1.106],[0,0],[-1.291,-0.716],[0,-2.246],[2.525,-1.416],[3.322,0],[2.259,2.832],[0.266,2.93]],"o":[[0.23,5.209],[3.279,3.532],[7.317,0],[3.576,-3.385],[0,-4.817],[-2.19,-1.432],[0,0],[-2.587,-0.618],[-2.299,-1.363],[0,-2.075],[1.749,-1.265],[5.098,0],[1.266,1.619],[0,0],[0.065,-3.385],[-3.529,-4.622],[-6.104,0],[-3.613,3.06],[0,4.199],[2.15,1.367],[0,0],[3.804,0.945],[2.018,1.172],[0,2.962],[-2.525,1.416],[-5.582,0],[-1.23,-1.562],[0,0]],"v":[[3.223,-16.406],[8.488,-3.296],[25.221,2.002],[41.56,-3.076],[46.924,-15.137],[41.797,-25.732],[28.862,-30.176],[22.942,-31.592],[17.072,-33.736],[13.623,-39.185],[16.247,-44.196],[23.969,-46.094],[34.716,-42.646],[36.865,-37.256],[45.166,-37.256],[41.948,-46.729],[24.679,-53.662],[10.106,-49.072],[4.688,-37.061],[10.444,-27.197],[20.467,-23.486],[27.563,-21.729],[35.205,-19.238],[38.232,-14.111],[34.444,-7.544],[25.674,-5.42],[13.912,-9.668],[11.67,-16.406]],"c":true},"ix":2},"nm":"s","mn":"ADBE Vector Shape - Group","hd":false}],"nm":"s","np":3,"cix":2,"bm":0,"ix":1,"mn":"ADBE Vector Group","hd":false}]},"fFamily":"Helvetica"},{"ch":"t","size":18,"style":"Regular","w":27.78,"data":{"shapes":[{"ty":"gr","it":[{"ind":0,"ty":"sh","ix":1,"ks":{"a":0,"k":{"i":[[0,0],[0,0],[0,0],[0,0],[0,0],[-1.465,-2.1],[-4.102,0],[-1.091,0.13],[-1.009,0.293],[0,0],[0.488,-0.021],[0.423,0],[0.684,0.359],[0,1.823],[0,0],[0,0],[0,0],[0,0],[0,0],[0,0]],"o":[[0,0],[0,0],[0,0],[0,0],[0,3.353],[1.465,2.1],[1.27,0],[1.09,-0.13],[0,0],[-0.652,0.087],[-0.488,0.021],[-1.595,0],[-1.237,-0.618],[0,0],[0,0],[0,0],[0,0],[0,0],[0,0],[0,0]],"v":[[8.203,-52.295],[1.123,-52.295],[1.123,-45.117],[8.203,-45.117],[8.203,-10.498],[10.4,-2.319],[18.75,0.83],[22.29,0.635],[25.439,0],[25.439,-6.982],[23.73,-6.819],[22.363,-6.787],[18.945,-7.324],[17.09,-10.986],[17.09,-45.117],[25.439,-45.117],[25.439,-52.295],[17.09,-52.295],[17.09,-66.895],[8.203,-66.895]],"c":true},"ix":2},"nm":"t","mn":"ADBE Vector Shape - Group","hd":false}],"nm":"t","np":3,"cix":2,"bm":0,"ix":1,"mn":"ADBE Vector Group","hd":false}]},"fFamily":"Helvetica"},{"ch":"u","size":18,"style":"Regular","w":55.62,"data":{"shapes":[{"ty":"gr","it":[{"ind":0,"ty":"sh","ix":1,"ks":{"a":0,"k":{"i":[[0,0],[0,0],[-1.437,-2.669],[-7.315,0],[-3.29,2.734],[-1.119,1.986],[0,0],[0,0],[0,0],[0,0],[0,0],[1.173,-2.93],[5.959,0],[1.521,3.125],[0,2.67],[0,0]],"o":[[0,0],[0,4.46],[2.65,4.98],[4.695,0],[1.661,-1.367],[0,0],[0,0],[0,0],[0,0],[0,0],[0,5.111],[-2.156,5.469],[-4.153,0],[-0.825,-1.692],[0,0],[0,0]],"v":[[6.25,-52.295],[6.25,-16.748],[8.406,-6.055],[23.354,1.416],[35.332,-2.686],[39.502,-7.715],[39.404,0],[47.705,0],[47.705,-52.295],[38.916,-52.295],[38.916,-26.611],[37.157,-14.551],[24.983,-6.348],[16.471,-11.035],[15.234,-17.578],[15.234,-52.295]],"c":true},"ix":2},"nm":"u","mn":"ADBE Vector Shape - Group","hd":false}],"nm":"u","np":3,"cix":2,"bm":0,"ix":1,"mn":"ADBE Vector Group","hd":false}]},"fFamily":"Helvetica"},{"ch":"v","size":18,"style":"Regular","w":50,"data":{"shapes":[{"ty":"gr","it":[{"ind":0,"ty":"sh","ix":1,"ks":{"a":0,"k":{"i":[[0,0],[0,0],[0,0],[0,0],[0,0],[0,0],[0,0]],"o":[[0,0],[0,0],[0,0],[0,0],[0,0],[0,0],[0,0]],"v":[[0.562,-52.295],[19.849,0],[29.214,0],[48.901,-52.295],[39.282,-52.295],[24.731,-9.717],[10.767,-52.295]],"c":true},"ix":2},"nm":"v","mn":"ADBE Vector Shape - Group","hd":false}],"nm":"v","np":3,"cix":2,"bm":0,"ix":1,"mn":"ADBE Vector Group","hd":false}]},"fFamily":"Helvetica"},{"ch":"w","size":18,"style":"Regular","w":72.22,"data":{"shapes":[{"ty":"gr","it":[{"ind":0,"ty":"sh","ix":1,"ks":{"a":0,"k":{"i":[[0,0],[0,0],[0,0],[0,0],[0,0],[0,0],[0,0],[0,0],[0,0],[0,0],[0,0],[0,0],[0,0]],"o":[[0,0],[0,0],[0,0],[0,0],[0,0],[0,0],[0,0],[0,0],[0,0],[0,0],[0,0],[0,0],[0,0]],"v":[[0.903,-52.295],[15.991,0],[25.122,0],[35.425,-40.479],[46.069,0],[55.2,0],[70.386,-52.295],[61.597,-52.295],[50.903,-11.328],[40.649,-52.295],[30.786,-52.295],[20.581,-11.084],[10.522,-52.295]],"c":true},"ix":2},"nm":"w","mn":"ADBE Vector Shape - Group","hd":false}],"nm":"w","np":3,"cix":2,"bm":0,"ix":1,"mn":"ADBE Vector Group","hd":false}]},"fFamily":"Helvetica"},{"ch":"x","size":18,"style":"Regular","w":50,"data":{"shapes":[{"ty":"gr","it":[{"ind":0,"ty":"sh","ix":1,"ks":{"a":0,"k":{"i":[[0,0],[0,0],[0,0],[0,0],[0,0],[0,0],[0,0],[0,0],[0,0],[0,0],[0,0],[0,0]],"o":[[0,0],[0,0],[0,0],[0,0],[0,0],[0,0],[0,0],[0,0],[0,0],[0,0],[0,0],[0,0]],"v":[[18.945,-26.807],[0.537,0],[11.67,0],[24.268,-19.629],[37.256,0],[48.486,0],[30.078,-26.807],[47.705,-52.051],[37.012,-52.295],[24.854,-33.887],[12.842,-52.295],[1.465,-52.295]],"c":true},"ix":2},"nm":"x","mn":"ADBE Vector Shape - Group","hd":false}],"nm":"x","np":3,"cix":2,"bm":0,"ix":1,"mn":"ADBE Vector Group","hd":false}]},"fFamily":"Helvetica"},{"ch":"y","size":18,"style":"Regular","w":50,"data":{"shapes":[{"ty":"gr","it":[{"ind":0,"ty":"sh","ix":1,"ks":{"a":0,"k":{"i":[[0,0],[0,0],[0,0],[0,0],[1.007,-2.405],[0.162,-0.26],[0.764,-0.536],[1.624,0],[0.682,0.098],[1.527,0.423],[0,0],[-0.667,-0.098],[-1.236,0],[-2.081,2.927],[-5.074,13.336],[-3.191,8.989],[-1.237,3.355],[0,0]],"o":[[0,0],[0,0],[0,0],[-0.455,1.169],[-1.007,2.403],[-0.52,0.78],[-0.764,0.536],[-0.52,0],[-0.682,-0.098],[0,0],[0.975,0.26],[0.667,0.098],[5.074,0],[2.081,-2.928],[2.148,-5.666],[4.264,-11.952],[0,0],[0,0]],"v":[[25.024,-9.698],[11.011,-52.295],[1.05,-52.295],[20.386,1.538],[18.192,6.898],[16.438,10.894],[14.511,12.868],[10.929,13.672],[9.125,13.525],[5.811,12.744],[5.811,20.752],[8.274,21.289],[11.128,21.436],[21.861,17.044],[32.593,-7.352],[40.601,-29.335],[48.853,-52.295],[39.136,-52.295]],"c":true},"ix":2},"nm":"y","mn":"ADBE Vector Shape - Group","hd":false}],"nm":"y","np":3,"cix":2,"bm":0,"ix":1,"mn":"ADBE Vector Group","hd":false}]},"fFamily":"Helvetica"},{"ch":"z","size":18,"style":"Regular","w":50,"data":{"shapes":[{"ty":"gr","it":[{"ind":0,"ty":"sh","ix":1,"ks":{"a":0,"k":{"i":[[0,0],[0,0],[0,0],[0,0],[0,0],[0,0],[0,0],[0,0],[0,0],[0,0]],"o":[[0,0],[0,0],[0,0],[0,0],[0,0],[0,0],[0,0],[0,0],[0,0],[0,0]],"v":[[2.539,0],[46.338,0],[46.338,-7.861],[14.556,-7.861],[45.41,-45.117],[45.41,-52.295],[4.834,-52.295],[4.834,-44.434],[33.593,-44.434],[2.539,-6.934]],"c":true},"ix":2},"nm":"z","mn":"ADBE Vector Shape - Group","hd":false}],"nm":"z","np":3,"cix":2,"bm":0,"ix":1,"mn":"ADBE Vector Group","hd":false}]},"fFamily":"Helvetica"},{"ch":"❤","size":18,"style":"Regular","w":0,"data":{},"fFamily":"Helvetica"},{"ch":"️","size":18,"style":"Regular","w":0,"data":{},"fFamily":"Helvetica"}]}