{"v":"5.6.10","fr":25,"ip":0,"op":175,"w":144,"h":32,"nm":"cp标签","ddd":0,"assets":[{"id":"image_0","w":256,"h":22,"u":"images/","p":"1BB143_18_88_24_nickname.png"},{"id":"image_1","w":144,"h":32,"u":"images/","p":"img_1.png","e":0},{"id":"comp_0","layers":[{"ddd":0,"ind":3,"ty":2,"nm":"txt_1.png","cl":"png","refId":"image_0","sr":1,"ks":{"o":{"a":0,"k":100,"ix":11},"r":{"a":0,"k":0,"ix":10},"p":{"a":1,"k":[{"i":{"x":0.833,"y":0.833},"o":{"x":0.167,"y":0.167},"t":81,"s":[148,11.75,0],"to":[-28.5,0,0],"ti":[53.667,0,0]},{"i":{"x":0.833,"y":0.833},"o":{"x":0.167,"y":0.167},"t":131,"s":[-23,11.75,0],"to":[-53.667,0,0],"ti":[25.167,0,0]},{"t":174,"s":[-174,11.75,0]}],"ix":2},"a":{"a":1,"k":[{"i":{"x":0.833,"y":0.833},"o":{"x":0.167,"y":0.167},"t":81,"s":[0,10.75,0],"to":[0,0,0],"ti":[0,0,0]},{"t":96,"s":[0,10.75,0]}],"ix":1},"s":{"a":0,"k":[100,100,100],"ix":6}},"ao":0,"ip":81,"op":191,"st":81,"bm":0},{"ddd":0,"ind":4,"ty":2,"nm":"txt_1.png","cl":"png","refId":"image_0","sr":1,"ks":{"o":{"a":0,"k":100,"ix":11},"r":{"a":0,"k":0,"ix":10},"p":{"a":1,"k":[{"i":{"x":0.833,"y":0.833},"o":{"x":0.167,"y":0.167},"t":0,"s":[0,11.75,0],"to":[0,0,0],"ti":[0,0,0]},{"i":{"x":0.833,"y":0.833},"o":{"x":0.167,"y":0.167},"t":15,"s":[0,11.75,0],"to":[-28.5,0,0],"ti":[28.5,0,0]},{"i":{"x":0.833,"y":0.833},"o":{"x":0.167,"y":0.167},"t":66,"s":[-171,11.75,0],"to":[0,0,0],"ti":[0,0,0]},{"i":{"x":0.833,"y":0.833},"o":{"x":0.167,"y":0.167},"t":81,"s":[-171,11.75,0],"to":[-15.5,0,0],"ti":[15.5,0,0]},{"t":115,"s":[-264,11.75,0]}],"ix":2},"a":{"a":1,"k":[{"i":{"x":0.833,"y":0.833},"o":{"x":0.167,"y":0.167},"t":0,"s":[0,10.75,0],"to":[0,0,0],"ti":[0,0,0]},{"t":15,"s":[0,10.75,0]}],"ix":1},"s":{"a":0,"k":[100,100,100],"ix":6}},"ao":0,"ip":0,"op":121,"st":0,"bm":0}]}],"layers":[{"ddd":0,"ind":3,"ty":0,"nm":"44x12 dp","refId":"comp_0","sr":1,"ks":{"o":{"a":0,"k":100,"ix":11},"r":{"a":0,"k":0,"ix":10},"p":{"a":0,"k":[90.75,16,0],"ix":2},"a":{"a":0,"k":[44,12,0],"ix":1},"s":{"a":0,"k":[100,100,100],"ix":6}},"ao":0,"w":88,"h":24,"ip":0,"op":175,"st":0,"bm":0},{"ddd":0,"ind":4,"ty":2,"nm":"CP-.png","cl":"png","refId":"image_1","sr":1,"ks":{"o":{"a":0,"k":100,"ix":11},"r":{"a":0,"k":0,"ix":10},"p":{"a":0,"k":[72,16,0],"ix":2},"a":{"a":0,"k":[72,16,0],"ix":1},"s":{"a":0,"k":[100,100,100],"ix":6}},"ao":0,"ip":0,"op":175,"st":0,"bm":0}],"markers":[]}